name,address,ssn,savings_balance,checking_balance,email,username,password
Daniel Thompson,"143 Annette Neck, Sharonberg, CT 49015",675-72-1194,6758.12,9038.62,connordixon@hotmail.com,stuart94,^vWAHsDg&8
Charles Johnson,"PSC 9012, Box 2347, APO AA 06669",066-26-6615,15795.83,6728.39,kathleen83@hotmail.com,cheryl02,u+(W1SchaD
Brian Schneider,"4625 Samantha Ranch Apt. 221, North Christina, IN 51426",012-22-3515,7432.31,1050.79,swood@yahoo.com,mitchellzimmerman,z+4Jdmeo!a
Robert Miles,"52863 Carter Oval Suite 658, Lake Michael, KY 10977",535-03-3537,22663.65,6054.0,geraldcordova@gilmore.com,zgarrison,8*a7^Xm2i4
Robert Williams,"22265 Vasquez Estates Suite 896, East Kelsey, OH 48845",875-43-5003,7269.37,4060.85,karen02@nelson.com,greenjay,@4rDWm6jWp
Wayne Carter,"USNV Henson, FPO AP 54946",257-28-5034,21147.73,2439.09,nicholasjones@gmail.com,victoriahoffman,6RJ&bXgK(0
Benjamin Lucas,"8313 Jeff Lane, Lake Curtisbury, ID 85781",592-36-3895,21636.95,4601.96,fjohnson@yahoo.com,reginahampton,w2diUATc*@
Stephanie Rodriguez,"4919 Robert Highway, Robertbury, WV 79639",687-47-9469,9517.5,9255.73,egarcia@shepherd-hopkins.com,katherine77,%7Lx7J4ce4
Wendy Moon,"985 Morse Point Apt. 948, Smithville, OR 80617",216-67-0569,9383.29,518.2,brian25@carr.net,gdean,QXOBGUZr+5
Reginald Davis,"49138 Daisy Islands Suite 379, Schultzside, WA 53759",098-85-5484,22290.17,1687.67,greentammy@yahoo.com,chaddrake,&U2$K9vf(6
Edward Vazquez,"611 Warren Mills Suite 934, Lake Peterton, NV 90181",009-39-3385,10405.65,1210.66,dawn49@torres.com,castrotara,09jI4K#d(%
Emily Rosario,"6204 Bonnie Isle, South Tiffanyland, HI 60703",877-01-1628,16458.84,4233.74,uterrell@sims.biz,shawn62,1nlQJvd1%9
Kenneth Wheeler,"408 Lopez Mews Apt. 917, North Dorothy, IL 97641",004-79-2546,18029.78,4308.56,vperry@richardson.com,adamsbeth,&ArppTzAR7
Marcus Stanley,"85070 Todd Island, New Jody, NE 25282",513-81-9472,20511.58,9305.29,davisaaron@yahoo.com,kmartinez,%k24cN$a2H
Kenneth Booth,"08042 Jackie Mount, South Emilyview, IA 39901",636-31-2706,20213.71,4076.9,janet90@hotmail.com,weaverdorothy,@cDgajxPK1
Lisa Bentley,"93989 Mills Junction, Lake Benjamin, DC 35872",251-91-1400,9213.16,867.81,jenniferstevens@hotmail.com,dperez,$aJ4UcSFy)
Sherry Jenkins DVM,"045 Gilbert Rapid, Port Joseph, FL 28638",323-43-2537,15807.5,655.65,marcus11@hotmail.com,rachel93,j$3NxomD1^
Heather Walker,"0951 Rebecca Turnpike, Victoriaborough, WI 32059",437-90-2165,6584.95,1769.87,meganguerrero@gmail.com,jamierussell,n6a)5AQolT
Kyle Cook,"88757 Douglas Mills, South Alicia, AZ 36476",480-64-2314,5768.1,9398.76,christianstephens@hotmail.com,brianewing,#zWJs@#o*4
Breanna Beard,"214 Ruiz Loop Suite 916, North Beverly, MT 81471",176-38-1500,14804.15,2240.29,charleserin@yahoo.com,megansoto,q9gCiSUX$r
Cory Harris,"264 Campos Land, Coryfort, ME 07853",640-49-7282,5341.46,7845.45,rebeccaholmes@mcknight-carlson.info,barbarawebb,_qNagP4OG9
Christina Moore,"7558 Phillips Divide Apt. 790, Randyview, SC 35965",251-66-9446,20391.45,3488.86,cooperjames@smith.com,cross,(GBoFjc5M0
Randy Ruiz,"PSC 1727, Box 3180, APO AP 81028",047-40-3749,1275.5,8342.46,ohatfield@yahoo.com,callen,Q$+Y6LDoQ1
Madison Williams,"11347 Carter Fields, Melindaside, AK 22809",437-68-4177,11681.77,3225.7,gwilliams@hotmail.com,robinsonjane,!8)Xy5uH_%
Heather Morales,"9809 Andrew Ports Suite 564, West Laurenport, MD 08181",622-60-3667,6019.21,1940.68,aprilellis@wilson.biz,catherine50,!6M68Th*A&
Brian Munoz,"935 Pace Courts, Jameston, ME 45861",891-36-2087,13192.02,9839.84,thompsonalexis@horn-holloway.com,marmstrong,eN3eF7Psu$
Dawn Miller,"083 Young Green, Sarahville, ND 96596",569-17-2407,7253.46,1814.98,katherinewest@gmail.com,zwatson,*p1VAV5pVc
Andrew Bradley,"153 Cynthia Stravenue Apt. 301, Stephenfurt, FL 01422",714-11-9633,6033.15,3383.35,molly65@garcia.com,cherylcalhoun,&&Cl30GmU#
Mark Newton Jr.,"94083 David Crescent Apt. 400, Jeffreyland, NY 67994",251-38-1309,11925.3,5453.7,twalker@davis.biz,thomas12,0A9LRmoz2@
Janet Lucas,"509 Melissa Park, South William, WY 65574",309-09-4438,2671.24,2797.62,iortega@yahoo.com,daniellerobinson,#S2#VxwiqP
Amy Palmer,"19477 Rocha Trafficway, Veronicaview, SD 70090",859-48-4593,10386.53,9160.73,vsoto@pitts.com,evanssarah,M5DZCzAr)+
Heather Jackson,"103 Bryant Port Suite 954, North Hannahstad, AZ 18145",447-08-5758,23976.13,2795.18,stewartmarissa@hotmail.com,hrussell,k^M2AEhepq
Samantha Lee,"9080 Heather Ways, Port Judystad, NJ 15132",124-07-8836,16801.86,5018.86,olivia29@hotmail.com,robrien,+H7R@GtO73
Jeremy Roberts,"831 Nicholson Square, East Jeremyberg, MT 22224",133-14-8155,15153.46,7980.23,dwright@moore.info,cwright,w7CR9Zpw%^
Carlos Carter,"640 Snyder Valley Suite 994, Port Mark, OK 42040",244-37-0113,19483.23,7839.99,jeffrey06@greene.biz,sarah31,z@0AYYiB##
Emily Burns,"PSC 1072, Box 7817, APO AE 55012",841-45-1438,21984.36,7420.66,bakerkatherine@gmail.com,hillstacy,)6+rOaTW&c
Robert Stewart,"3327 Cunningham Mission, Kellifort, SD 45122",169-63-3488,604.79,1933.43,josephcastaneda@stewart.biz,gthompson,_3*n@QSjH5
Steven Chen,"5501 Carlson Glen, Gibsonville, VA 18150",576-27-2369,9485.39,4125.27,nwilliams@robinson-higgins.com,ryan77,%0*B^&bb2^
Shirley Nelson,"5208 Byrd Field, Jamesland, MD 24558",023-23-4412,22310.79,8378.0,butleramanda@hotmail.com,scottsmith,6pLSr@T_$r
Christopher Williams,"80505 Leach Mill, Colleenport, OK 50976",560-36-0991,430.84,5549.09,jefferyhall@davenport.biz,nadkins,DW1X7l_%^M
Christopher Rice,"746 Courtney Viaduct Suite 782, Port Rebecca, MO 81339",728-54-4314,2491.62,2077.63,gilmoretonya@moore-perez.com,kenneth37,Yk18FLzo1^
Leah Mack,"73887 Megan Heights, Douglasborough, NY 48744",147-47-1041,7392.55,3206.41,mallory61@carpenter.com,deanjason,D&6HZiu&@7
Gregory Crawford,"14126 Miller Green Suite 958, Perezport, OR 45715",229-53-9505,6338.65,3559.32,edward54@smith.com,david92,(R5DwBfgyZ
Catherine Moreno,"7242 Dalton Vista Suite 970, Laurieton, TX 92755",159-87-6245,16916.33,8388.78,lambertanna@gmail.com,tamara95,j_6mWsc667
James Smith,"707 Fox Villages, Scottmouth, TX 57798",357-69-8789,5804.43,1677.42,sharonperez@gmail.com,ibrown,!3Y3vsU$@2
Elizabeth Brooks,"473 Christopher Course, New Eric, IA 82000",726-28-6463,14985.79,8203.18,pramos@yahoo.com,jessicamoore,v_Mq2zTS$7
Maureen Cox,"2890 Brenda Junctions, Port Spencerbury, AZ 75773",706-96-2002,15186.09,1938.53,patrickmalone@yahoo.com,markdavidson,#NWDNZXd9t
Angela Erickson,"772 Maria Isle, South Devinmouth, NE 89796",378-82-8986,17462.72,9213.55,stevenward@king.org,gabriela13,Azf5NUho!B
Aaron Floyd,"930 Derrick Creek, Smithhaven, UT 99927",260-04-7320,22862.54,5914.19,barbara61@hotmail.com,aprilwhite,X#W6mqLspy
Justin Lopez,"394 Johnson Ramp Suite 532, Port Jamieberg, SC 60158",660-68-3213,1329.67,6746.88,rramirez@yahoo.com,morrisonandrea,T65o+Wmo^T
Jonathan Baker,"USNS Flores, FPO AE 25698",814-18-3329,5741.7,3183.48,catherine95@white.org,maria76,)*4UeKBeaF
Shaun Dennis,"8599 Welch Meadows Suite 216, Lake Justin, VT 33434",121-46-9550,4646.61,4642.77,xfletcher@greene.net,david43,$QX(akXz(5
Jennifer Rodriguez,"2424 Johnson Centers Suite 334, Fullertown, KS 43705",530-53-1798,4737.98,5201.19,joshua87@williams.com,hlewis,^Im2%aFq84
Randall Williamson,"489 Kenneth Mountains, West Richardhaven, DC 93710",561-17-2858,7627.89,8594.51,sking@carey-black.biz,katelyn45,^B6ODrets+
Carrie White MD,"929 Melanie Turnpike, East Rachael, GA 09735",781-06-5231,22536.63,2253.97,xsmith@yahoo.com,zreid,Lt9nTCye&^
Jennifer Blake,"8584 Gill Shoal, Keithshire, VA 97204",094-43-9658,10840.43,8156.99,ryanchristopher@johnson-morrow.com,donna63,l@18Mzf_gk
Kyle Moran,"18243 Salas Loop Apt. 526, Lake Donald, NH 11584",153-71-0429,4510.35,1886.09,johnathan77@fisher.net,michaelmartin,D87z!PMq(P
Jonathan Hicks,"4732 Jennifer Forks, Jenniferville, OK 28668",743-10-5433,19769.89,8408.71,utaylor@moore.org,qmartinez,^4SYxQTG0(
Michael Garrett,"62712 Joyce Gardens Apt. 146, Lake Raymondfurt, MT 98996",220-80-7177,7144.08,9358.74,halejoan@hotmail.com,zle,J28KgUmZS_
John Gomez,"947 William Green, South Brendafort, MT 32957",588-56-6063,16030.11,3711.22,fpineda@yahoo.com,pruittsarah,mWEw1XgE$#
Paul Brown,"322 Patrick Estates, South Dylan, NE 01699",826-74-1244,12123.69,2060.37,hoganheather@williamson.com,jay42,d%4N6htqfx
Cheryl Foster,"33513 Greg Points, North Donna, PA 49470",411-08-0495,9028.17,2251.37,harrisjasmine@gmail.com,sharonrasmussen,LZ4akMfh^s
Earl Rasmussen,"680 Jim Haven, Rivasmouth, AK 61079",664-57-5904,746.42,2560.33,brianmiller@rogers.com,pgarcia,e!m6F1DibP
Anthony Adams,"92778 Eric Isle, Johnsonbury, IN 23658",521-50-7897,8321.25,5214.29,campbellbruce@moore.com,jessica84,0C@5RYhsQC
Mary Kim,"17741 Judy Mission, Stewartfort, CA 00605",899-86-2364,2915.59,1660.03,frank13@gmail.com,whernandez,n@4hIXbr9q
Leslie Vaughn,"68388 Travis Freeway Apt. 368, Port Katietown, DC 01888",598-23-0899,22399.72,7548.18,robertturner@oneill.com,kathryn17,h&7NrPcSfb
Zachary Williams,"58677 Keith Parks, West Tiffanyfort, DC 68339",215-24-4385,5981.12,2881.03,jennifer01@edwards.info,angela92,_PWnD6Twbl
Marcus Moss,"Unit 5594 Box 5691, DPO AA 71401",252-90-3801,10362.2,3569.24,afreeman@martinez.biz,tsimmons,y@I6XVe^LR
Dr. Phillip Miller,"5498 Lopez Prairie Suite 782, Spencerstad, GA 42310",011-48-2663,10955.81,3094.51,suzanne72@williams-jensen.biz,thomasvincent,_ZHbULorP2
Michael Wilson,"043 Morris Underpass Suite 075, Davenportside, UT 98046",443-55-3130,15647.74,766.97,stephenpatton@wang.biz,gonzalezjason,#jc13KnfsJ
Levi Barajas,"19782 Ball Turnpike, Nancyhaven, AR 11043",770-09-7811,12368.36,2738.2,erogers@mueller-shepard.org,roachmark,56m7GkuL#t
Nicholas Boyer,"21308 Cline Groves Suite 794, South Amy, NM 94084",672-83-2132,14761.37,3944.26,penny68@walters.org,mcdanielthomas,#XWZ^FUia3
Michael Martinez,"2290 Coleman Cliffs Apt. 600, South Jesusside, ID 09162",784-55-4134,5145.5,341.75,ryan14@gmail.com,williamsmelissa,Oo7fE71uD&
Joseph Scott,"7403 Hector Mountains Suite 889, Lake Lori, VA 44495",776-53-5239,7286.16,6762.98,jasmine44@hotmail.com,ppeters,#y(6SH6g@R
Michelle Goodwin,"09081 Campbell Light, Kellyton, NH 41244",227-25-1144,24921.42,7345.05,amanda00@peterson.org,lisabass,KdP9VxW4d!
Christopher Rosales,"4072 Kelly Springs Apt. 419, Spencerborough, DC 21290",327-25-0435,17002.73,3687.63,annafuentes@parks.com,wrightsusan,K51iUNgh!^
Michael Richard,"584 Park Wall, Jacksonside, PA 79892",449-41-2715,9843.33,7543.54,sabrinatorres@frost-jackson.org,charles34,K+t(Q8Sc(@
Helen Murphy,"545 Gomez Highway, Port Dakota, KY 12733",709-45-0691,11586.19,645.39,wrightbenjamin@hill.com,john67,u@l2lWl8ml
Mark Burton,"7755 Edward Brooks, Kariville, IA 74339",822-97-1277,23422.48,9641.39,kbowers@yahoo.com,james88,Q+^91Pjo8o
Jeffrey Harris,"59978 Robert Fall, South Jennifer, KY 99481",449-60-3934,1459.66,1213.36,fullermichael@whitaker.biz,james53,H0Iolzpn^+
Tracy Meyer,"PSC 5550, Box 2049, APO AP 96200",373-33-6125,10202.9,1855.94,brandon57@hotmail.com,michael82,1+J9aL5NWu
Robin Hoffman,"04764 George Mountain Apt. 723, West Christina, SD 44168",262-77-6490,16316.17,3306.05,cisnerosrachel@hotmail.com,johnjones,_CT4L7Kn74
Amanda Jones,"948 Valdez Trail Suite 089, Lake Lesliechester, NC 18373",376-28-1767,18920.05,9673.82,markmccoy@hotmail.com,caseytimothy,c^v5bD$cUh
Nicole Willis,"353 Brian Avenue, Mortonborough, HI 84822",201-68-7080,11795.95,9031.75,iwhite@yahoo.com,nicolepowell,$j3GNbSeXI
Donna Harmon,"8986 Oliver Ridge, West Zachary, DC 78467",136-25-8251,21768.27,7321.43,robertchase@pierce.com,dean81,$0F03HEaFZ
Nicole Gross,"45915 Jeffery Drive, Popeside, GA 40964",872-54-6026,21605.45,7300.89,ghurley@hoover.com,greid,%7SwwqFQX3
Justin Johnson,"4398 Rodriguez Gateway Apt. 653, Lake Christophertown, OH 64194",239-97-6264,4216.35,9608.25,butlerdanny@yahoo.com,kevin49,10d@XAej)h
James Campbell,"4550 Craig Plains, West Cathyville, MI 15925",404-52-0823,17213.62,9861.35,yochoa@gmail.com,kerrmichael,_1WFUfVv2y
Andrew Hudson,"6333 Ryan Greens Suite 635, Gardnerfort, VT 34907",871-79-1775,4224.24,4776.16,ihoward@yahoo.com,csnyder,^s18GXz2yB
Melanie Anderson,"784 Jay Fields, Miguelbury, NM 83181",774-83-4309,20457.89,3080.78,mgould@simmons-grant.info,doughertyjoseph,0BqF_!uD@0
Michael Pratt,"70543 Bender Via Suite 954, South Sarah, NJ 95670",860-20-6138,8917.56,215.82,anthonymills@yahoo.com,fostercolleen,+0pRJ8b(t8
David Bell,"44622 Weaver Park Apt. 944, Ruizland, DC 89321",795-63-7679,22127.27,7139.87,sarah37@gmail.com,david13,s7uD4Eqvf@
Amy Greene,"251 Richard Springs Suite 459, Jessehaven, KY 44840",622-03-9280,21457.77,3296.13,andrealamb@flores.com,pterry,+HIjU6hjv0
Hector Lee,"7901 Charles Passage Suite 608, Lake Ashleyside, CA 51632",398-59-1181,7770.61,8073.03,pbradley@taylor-petty.com,chad28,C8Dvu9^N(1
Brendan Barnett,"USCGC Phillips, FPO AE 77832",473-38-4229,12647.53,1712.14,jameshurley@gmail.com,wayne57,_%XUXNk#x0
Anna Wells,"397 Mark Ferry, Port Staceyport, WA 64525",076-51-6631,8681.06,1143.33,arodriguez@perry.net,gweeks,f$9HbbNy)^
Tiffany Williams,"10002 Walsh Terrace, East Michael, MD 50836",865-27-5552,16942.85,8694.4,todd39@downs.com,derrick61,BaA3X3p!n+
Diana Hernandez,"Unit 6977 Box 3850, DPO AE 31693",286-45-9009,2371.69,4077.81,bauerjeffrey@obrien.net,franklinnathan,MT8DX@RrT@
Terri Adams,"18839 Eric Forge, Cantushire, WA 06144",739-69-0534,21014.74,4377.83,derrickwhite@braun.org,barrettjames,w&h70gEaH#
Justin Decker,"16736 Ashley Track Suite 000, Fishertown, LA 39294",267-47-6269,8105.2,968.46,twilson@yahoo.com,dbryant,h_k2HYr_*h
